shot_id;prompt_ru;prompt_en
S01A;"Шот S01A. Локация: Страна тортов (общий вид). Персонажи: Голос за кадром, Стая / Массовка. Мизансцена: Экспозиция: страна тортов над полями и облаками. (часть 1/2). Действие: Камера парит над сахарными полями; Crowd движется маленькими группами по дорожкам, флажки и ленты мягко колышутся от ветра.. Камера: На переднем плане пролетают облака и карамельные кроны, в среднем плане раскрывается город, на дальнем фоне холмы и рассвет; широкий воздушный пролёт.. Реплика: VoiceOver: Над золочеными полями, над голубыми небесами, Средь. Стиль: стилизованная 3D-анимация для детей, единая идентичность персонажей, кинематографичная композиция 16:9, без текста/логотипов/водяных знаков. Негативный промпт: фотореализм людей, лишние конечности, деформация анатомии, артефакты jpeg, watermark, logo, text overlay.";"Shot S01A. Location: Country of cakes (general view). Characters: Voice-over, Crowd. Scene: Exposition: the land of cakes over fields and clouds. (part 1/2). Action: The camera hovers over sugar fields; Crowd moves in small groups along the paths, flags and ribbons gently swaying in the wind.. Camera: Clouds and caramel crowns fly by in the foreground, the city reveals itself in the middle ground, and hills and dawn in the background; wide air span.. Dialogue: VoiceOver: Over gilded fields, over blue skies, Among. Style: stylized child-safe 3D animation, consistent character identity, cinematic 16:9 composition, no text/logo/watermark. Negative prompt: photoreal human look, extra limbs, deformed anatomy, jpeg artifacts, watermark, logo, text overlay."
S01B;"Шот S01B. Локация: Страна тортов (общий вид). Персонажи: Голос за кадром, Стая / Массовка. Мизансцена: Экспозиция: страна тортов над полями и облаками. (часть 2/2). Действие: Камера парит над сахарными полями; Crowd движется маленькими группами по дорожкам, флажки и ленты мягко колышутся от ветра.. Камера: На переднем плане пролетают облака и карамельные кроны, в среднем плане раскрывается город, на дальнем фоне холмы и рассвет; широкий воздушный пролёт.. Реплика: птичьих стай и облаков, находятся страна тортов.. Стиль: стилизованная 3D-анимация для детей, единая идентичность персонажей, кинематографичная композиция 16:9, без текста/логотипов/водяных знаков. Негативный промпт: фотореализм людей, лишние конечности, деформация анатомии, артефакты jpeg, watermark, logo, text overlay.";"Shot S01B. Location: Country of cakes (general view). Characters: Voice-over, Crowd. Scene: Exposition: the land of cakes over fields and clouds. (part 2/2). Action: The camera hovers over sugar fields; Crowd moves in small groups along the paths, flags and ribbons gently swaying in the wind.. Camera: Clouds and caramel crowns fly by in the foreground, the city reveals itself in the middle ground, and hills and dawn in the background; wide air span.. Dialogue: flocks of birds and clouds, is the land of cakes.. Style: stylized child-safe 3D animation, consistent character identity, cinematic 16:9 composition, no text/logo/watermark. Negative prompt: photoreal human look, extra limbs, deformed anatomy, jpeg artifacts, watermark, logo, text overlay."
S02A;"Шот S02A. Локация: Тронный зал. Персонажи: Наполеон, Ватрушки. Мизансцена: Представление правителя и двора. (часть 1/2). Действие: Napoleon неподвижно держит центр композиции, Vatrushki кружат вокруг трона мелкими шагами и поклонами, создавая ритуальный ритм двора.. Камера: Передний план занимают детали трона и колонн, в среднем плане Napoleon и свита, на заднем плане глубина зала; общий кадр с плавным сближением до среднего.. Реплика: VoiceOver: Отцарством этим правит он, царь всем тортом Наполеон.. Стиль: стилизованная 3D-анимация для детей, единая идентичность персонажей, кинематографичная композиция 16:9, без текста/логотипов/водяных знаков. Негативный промпт: фотореализм людей, лишние конечности, деформация анатомии, артефакты jpeg, watermark, logo, text overlay.";"Shot S02A. Location: Throne room. Characters: Napoleon, Vatrushki. Scene: Representation of the ruler and court. (part 1/2). Action: Napoleon motionlessly holds the center of the composition, Vatrushki circles around the throne with small steps and bows, creating the ritual rhythm of the court.. Camera: The foreground is occupied by details of the throne and columns, in the middle ground is Napoleon and his retinue, in the background is the depth of the hall; wide shot with a smooth zoom in to medium.. Dialogue: VoiceOver: He rules this kingdom, the king of all cakes, Napoleon.. Style: stylized child-safe 3D animation, consistent character identity, cinematic 16:9 composition, no text/logo/watermark. Negative prompt: photoreal human look, extra limbs, deformed anatomy, jpeg artifacts, watermark, logo, text overlay."
S02B;"Шот S02B. Локация: Тронный зал. Персонажи: Наполеон, Ватрушки. Мизансцена: Представление правителя и двора. (часть 2/2). Действие: Napoleon неподвижно держит центр композиции, Vatrushki кружат вокруг трона мелкими шагами и поклонами, создавая ритуальный ритм двора.. Камера: Передний план занимают детали трона и колонн, в среднем плане Napoleon и свита, на заднем плане глубина зала; общий кадр с плавным сближением до среднего.. Реплика: Вокруг него снуют в отружке, любимые его подружки.. Стиль: стилизованная 3D-анимация для детей, единая идентичность персонажей, кинематографичная композиция 16:9, без текста/логотипов/водяных знаков. Негативный промпт: фотореализм людей, лишние конечности, деформация анатомии, артефакты jpeg, watermark, logo, text overlay.";"Shot S02B. Location: Throne room. Characters: Napoleon, Vatrushki. Scene: Representation of the ruler and court. (part 2/2). Action: Napoleon motionlessly holds the center of the composition, Vatrushki circles around the throne with small steps and bows, creating the ritual rhythm of the court.. Camera: The foreground is occupied by details of the throne and columns, in the middle ground is Napoleon and his retinue, in the background is the depth of the hall; wide shot with a smooth zoom in to medium.. Dialogue: His beloved girlfriends are scurrying around him.. Style: stylized child-safe 3D animation, consistent character identity, cinematic 16:9 composition, no text/logo/watermark. Negative prompt: photoreal human look, extra limbs, deformed anatomy, jpeg artifacts, watermark, logo, text overlay."
S03A;"Шот S03A. Локация: Тронный зал. Персонажи: Пончик, Печенье, Эклер, Наполеон. Мизансцена: Свита развлекает царя. (часть 1/2). Действие: Donut и Cookie выступают синхронно, Eclair подсказывает из-за плеча, Napoleon наблюдает без улыбки и едва кивает в такт.. Камера: На переднем плане микрофон/декор сцены, в среднем Donut и Cookie, на заднем Eclair и трон Napoleon; стабильный средний с лёгким боковым паном.. Реплика: VoiceOver: Вот рядом пончик и печенья поют ему для развлечения, Играф Экклер, его советник.. Стиль: стилизованная 3D-анимация для детей, единая идентичность персонажей, кинематографичная композиция 16:9, без текста/логотипов/водяных знаков. Негативный промпт: фотореализм людей, лишние конечности, деформация анатомии, артефакты jpeg, watermark, logo, text overlay.";"Shot S03A. Location: Throne room. Characters: Donut, Cookie, Eclair, Napoleon. Scene: The retinue entertains the king. (part 1/2). Action: Donut and Cookie perform in sync, Eclair prompts over his shoulder, Napoleon watches without a smile and barely nods to the beat.. Camera: In the foreground is a microphone/stage decor, in the middle is Donut and Cookie, in the background is Eclair and the Napoleon throne; stable middle with a light side pan.. Dialogue: VoiceOver: Here is a donut and cookies singing to him for entertainment, Igraf Ekler, his advisor.. Style: stylized child-safe 3D animation, consistent character identity, cinematic 16:9 composition, no text/logo/watermark. Negative prompt: photoreal human look, extra limbs, deformed anatomy, jpeg artifacts, watermark, logo, text overlay."
S03B;"Шот S03B. Локация: Тронный зал. Персонажи: Пончик, Печенье, Эклер, Наполеон. Мизансцена: Свита развлекает царя. (часть 2/2). Действие: Donut и Cookie выступают синхронно, Eclair подсказывает из-за плеча, Napoleon наблюдает без улыбки и едва кивает в такт.. Камера: На переднем плане микрофон/декор сцены, в среднем Donut и Cookie, на заднем Eclair и трон Napoleon; стабильный средний с лёгким боковым паном.. Реплика: Он лучший друг и лучший сплетник.. Стиль: стилизованная 3D-анимация для детей, единая идентичность персонажей, кинематографичная композиция 16:9, без текста/логотипов/водяных знаков. Негативный промпт: фотореализм людей, лишние конечности, деформация анатомии, артефакты jpeg, watermark, logo, text overlay.";"Shot S03B. Location: Throne room. Characters: Donut, Cookie, Eclair, Napoleon. Scene: The retinue entertains the king. (part 2/2). Action: Donut and Cookie perform in sync, Eclair prompts over his shoulder, Napoleon watches without a smile and barely nods to the beat.. Camera: In the foreground is a microphone/stage decor, in the middle is Donut and Cookie, in the background is Eclair and the Napoleon throne; stable middle with a light side pan.. Dialogue: He is the best friend and the best gossip.. Style: stylized child-safe 3D animation, consistent character identity, cinematic 16:9 composition, no text/logo/watermark. Negative prompt: photoreal human look, extra limbs, deformed anatomy, jpeg artifacts, watermark, logo, text overlay."
S04A;"Шот S04A. Локация: Тронный зал. Персонажи: Желе, Леденец / Стража, Наполеон. Мизансцена: Военная вертикаль при троне. (часть 1/2). Действие: General шагом обходит линию Gurts, проверяет стойки и жёсткими жестами выравнивает строй рядом с Napoleon.. Камера: Передний план занимают копья/щитки Gurts, в среднем General и Napoleon, на заднем ряды охраны и стены; средний кадр с коротким наездом.. Реплика: VoiceOver: Паодль, генерал жиле, всё время он на стороже.. Стиль: стилизованная 3D-анимация для детей, единая идентичность персонажей, кинематографичная композиция 16:9, без текста/логотипов/водяных знаков. Негативный промпт: фотореализм людей, лишние конечности, деформация анатомии, артефакты jpeg, watermark, logo, text overlay.";"Shot S04A. Location: Throne room. Characters: General Jelly, Candy Guard, Napoleon. Scene: Military vertical under the throne. (part 1/2). Action: The General walks around the Gurts line, checks the racks and, with harsh gestures, aligns the formation next to Napoleon.. Camera: The foreground is occupied by Gurts spears/shields, General and Napoleon in the middle, in the back are rows of guards and walls; medium shot with a short zoom.. Dialogue: VoiceOver: Paodl, General Gilet, he is on guard all the time.. Style: stylized child-safe 3D animation, consistent character identity, cinematic 16:9 composition, no text/logo/watermark. Negative prompt: photoreal human look, extra limbs, deformed anatomy, jpeg artifacts, watermark, logo, text overlay."
S04B;"Шот S04B. Локация: Тронный зал. Персонажи: Желе, Леденец / Стража, Наполеон. Мизансцена: Военная вертикаль при троне. (часть 2/2). Действие: General шагом обходит линию Gurts, проверяет стойки и жёсткими жестами выравнивает строй рядом с Napoleon.. Камера: Передний план занимают копья/щитки Gurts, в среднем General и Napoleon, на заднем ряды охраны и стены; средний кадр с коротким наездом.. Реплика: Царя охрану возглавляет или единцами управляет.. Стиль: стилизованная 3D-анимация для детей, единая идентичность персонажей, кинематографичная композиция 16:9, без текста/логотипов/водяных знаков. Негативный промпт: фотореализм людей, лишние конечности, деформация анатомии, артефакты jpeg, watermark, logo, text overlay.";"Shot S04B. Location: Throne room. Characters: General Jelly, Candy Guard, Napoleon. Scene: Military vertical under the throne. (part 2/2). Action: The General walks around the Gurts line, checks the racks and, with harsh gestures, aligns the formation next to Napoleon.. Camera: The foreground is occupied by Gurts spears/shields, General and Napoleon in the middle, in the back are rows of guards and walls; medium shot with a short zoom.. Dialogue: The king's guard is headed or controlled by units.. Style: stylized child-safe 3D animation, consistent character identity, cinematic 16:9 composition, no text/logo/watermark. Negative prompt: photoreal human look, extra limbs, deformed anatomy, jpeg artifacts, watermark, logo, text overlay."
S05A;"Шот S05A. Локация: Тронный зал. Персонажи: Блин. Мизансцена: Казначей в придворной иерархии. (часть 1/2). Действие: Blin перебирает свитки, пересчитывает записи на пальцах, останавливается, вздыхает и снова возвращается к спискам.. Камера: На переднем плане стол с реестрами, в среднем Blin, на заднем придворные ниши; статичный средний с акцентом на руки и документы.. Реплика: VoiceOver: Блинка значей, развесил уши. Он по характеру капуша.. Стиль: стилизованная 3D-анимация для детей, единая идентичность персонажей, кинематографичная композиция 16:9, без текста/логотипов/водяных знаков. Негативный промпт: фотореализм людей, лишние конечности, деформация анатомии, артефакты jpeg, watermark, logo, text overlay.";"Shot S05A. Location: Throne room. Characters: Blin. Scene: Treasurer in the court hierarchy. (part 1/2). Action: Blin goes through the scrolls, counts the entries on his fingers, stops, sighs and returns to the lists again.. Camera: In the foreground is a table with registers, in the middle Blin, in the background are court niches; static medium with emphasis on hands and documents.. Dialogue: VoiceOver: Blinka, my ears are wide open. He is a jerk by nature.. Style: stylized child-safe 3D animation, consistent character identity, cinematic 16:9 composition, no text/logo/watermark. Negative prompt: photoreal human look, extra limbs, deformed anatomy, jpeg artifacts, watermark, logo, text overlay."
S05B;"Шот S05B. Локация: Тронный зал. Персонажи: Блин. Мизансцена: Казначей в придворной иерархии. (часть 2/2). Действие: Blin перебирает свитки, пересчитывает записи на пальцах, останавливается, вздыхает и снова возвращается к спискам.. Камера: На переднем плане стол с реестрами, в среднем Blin, на заднем придворные ниши; статичный средний с акцентом на руки и документы.. Реплика: Как денег нет, так сразу нужен, а так работаю загружен.. Стиль: стилизованная 3D-анимация для детей, единая идентичность персонажей, кинематографичная композиция 16:9, без текста/логотипов/водяных знаков. Негативный промпт: фотореализм людей, лишние конечности, деформация анатомии, артефакты jpeg, watermark, logo, text overlay.";"Shot S05B. Location: Throne room. Characters: Blin. Scene: Treasurer in the court hierarchy. (part 2/2). Action: Blin goes through the scrolls, counts the entries on his fingers, stops, sighs and returns to the lists again.. Camera: In the foreground is a table with registers, in the middle Blin, in the background are court niches; static medium with emphasis on hands and documents.. Dialogue: As there is no money, I need it right away, but I’m so busy working.. Style: stylized child-safe 3D animation, consistent character identity, cinematic 16:9 composition, no text/logo/watermark. Negative prompt: photoreal human look, extra limbs, deformed anatomy, jpeg artifacts, watermark, logo, text overlay."
S06A;"Шот S06A. Локация: Домик у горы. Персонажи: ПМ. Мизансцена: Контрастный герой вне двора. (часть 1/3). Действие: PM сидит у окна с книгой, закрывает её, поднимается и медленно проходит к краю комнаты, прислушиваясь к тишине.. Камера: На переднем плане подоконник и книги, в среднем PM в полный рост, на заднем уютный интерьер домика; спокойный средний с мягким трекингом вправо.. Реплика: VoiceOver: Но есть ещё в тортовом царстве почти без статуса и власти простой торт птичи молоко. И от дворца он далеко, а все дворцовые интриги ему так чужды.. Стиль: стилизованная 3D-анимация для детей, единая идентичность персонажей, кинематографичная композиция 16:9, без текста/логотипов/водяных знаков. Негативный промпт: фотореализм людей, лишние конечности, деформация анатомии, артефакты jpeg, watermark, logo, text overlay.";"Shot S06A. Location: House by the mountain. Characters: PM. Scene: A contrasting hero outside the court. (part 1/3). Action: PM sits by the window with a book, closes it, gets up and slowly walks to the edge of the room, listening to the silence.. Camera: In the foreground there is a window sill and books, on average PM in full height, in the background there is a cozy interior of a house; calm middle with soft tracking to the right.. Dialogue: VoiceOver: But there is also, in the cake kingdom, almost without status and power, a simple bird’s milk cake. And he is far from the palace, and all palace intrigues are so alien to him.. Style: stylized child-safe 3D animation, consistent character identity, cinematic 16:9 composition, no text/logo/watermark. Negative prompt: photoreal human look, extra limbs, deformed anatomy, jpeg artifacts, watermark, logo, text overlay."
S06B;"Шот S06B. Локация: Домик у горы. Персонажи: ПМ. Мизансцена: Контрастный герой вне двора. (часть 2/3). Действие: PM сидит у окна с книгой, закрывает её, поднимается и медленно проходит к краю комнаты, прислушиваясь к тишине.. Камера: На переднем плане подоконник и книги, в среднем PM в полный рост, на заднем уютный интерьер домика; спокойный средний с мягким трекингом вправо.. Реплика: Лучше книги.. Стиль: стилизованная 3D-анимация для детей, единая идентичность персонажей, кинематографичная композиция 16:9, без текста/логотипов/водяных знаков. Негативный промпт: фотореализм людей, лишние конечности, деформация анатомии, артефакты jpeg, watermark, logo, text overlay.";"Shot S06B. Location: House by the mountain. Characters: PM. Scene: A contrasting hero outside the court. (part 2/3). Action: PM sits by the window with a book, closes it, gets up and slowly walks to the edge of the room, listening to the silence.. Camera: In the foreground there is a window sill and books, on average PM in full height, in the background there is a cozy interior of a house; calm middle with soft tracking to the right.. Dialogue: Better than books.. Style: stylized child-safe 3D animation, consistent character identity, cinematic 16:9 composition, no text/logo/watermark. Negative prompt: photoreal human look, extra limbs, deformed anatomy, jpeg artifacts, watermark, logo, text overlay."
S06C;"Шот S06C. Локация: Домик у горы. Персонажи: ПМ. Мизансцена: Контрастный герой вне двора. (часть 3/3). Действие: PM сидит у окна с книгой, закрывает её, поднимается и медленно проходит к краю комнаты, прислушиваясь к тишине.. Камера: На переднем плане подоконник и книги, в среднем PM в полный рост, на заднем уютный интерьер домика; спокойный средний с мягким трекингом вправо.. Реплика: Он почитает в тишине, когда с собой наедине.. Стиль: стилизованная 3D-анимация для детей, единая идентичность персонажей, кинематографичная композиция 16:9, без текста/логотипов/водяных знаков. Негативный промпт: фотореализм людей, лишние конечности, деформация анатомии, артефакты jpeg, watermark, logo, text overlay.";"Shot S06C. Location: House by the mountain. Characters: PM. Scene: A contrasting hero outside the court. (part 3/3). Action: PM sits by the window with a book, closes it, gets up and slowly walks to the edge of the room, listening to the silence.. Camera: In the foreground there is a window sill and books, on average PM in full height, in the background there is a cozy interior of a house; calm middle with soft tracking to the right.. Dialogue: He reads in silence, when he is alone with himself.. Style: stylized child-safe 3D animation, consistent character identity, cinematic 16:9 composition, no text/logo/watermark. Negative prompt: photoreal human look, extra limbs, deformed anatomy, jpeg artifacts, watermark, logo, text overlay."
S07A;"Шот S07A. Локация: Край горы. Персонажи: ПМ. Мизансцена: Утренний поворот сюжета: герой замечает сады. (часть 1/2). Действие: PM выходит на край горы, задерживает шаг, щурится вдаль и вытягивает корпус вперёд, заметив сады за облаками.. Камера: На переднем плане край скалы, в среднем силуэт PM, на заднем бесконечные сады и облака; общий план с медленным подъёмом камеры.. Реплика: VoiceOver: Ну что такое?. Стиль: стилизованная 3D-анимация для детей, единая идентичность персонажей, кинематографичная композиция 16:9, без текста/логотипов/водяных знаков. Негативный промпт: фотореализм людей, лишние конечности, деформация анатомии, артефакты jpeg, watermark, logo, text overlay.";"Shot S07A. Location: Edge of the Mountain. Characters: PM. Scene: Morning plot twist: the hero notices the gardens. (part 1/2). Action: PM walks out to the edge of the mountain, pauses his step, squints into the distance and stretches his body forward, noticing the gardens behind the clouds.. Camera: In the foreground is the edge of a cliff, in the middle is the silhouette of PM, in the background are endless gardens and clouds; long shot with the camera slowly rising.. Dialogue: VoiceOver: Well, what is it?. Style: stylized child-safe 3D animation, consistent character identity, cinematic 16:9 composition, no text/logo/watermark. Negative prompt: photoreal human look, extra limbs, deformed anatomy, jpeg artifacts, watermark, logo, text overlay."
S07B;"Шот S07B. Локация: Край горы. Персонажи: ПМ. Мизансцена: Утренний поворот сюжета: герой замечает сады. (часть 2/2). Действие: PM выходит на край горы, задерживает шаг, щурится вдаль и вытягивает корпус вперёд, заметив сады за облаками.. Камера: На переднем плане край скалы, в среднем силуэт PM, на заднем бесконечные сады и облака; общий план с медленным подъёмом камеры.. Реплика: Ранним утром, склонившись на краю горы, торт птичи молоко заметил вдали гигантские сады.. Стиль: стилизованная 3D-анимация для детей, единая идентичность персонажей, кинематографичная композиция 16:9, без текста/логотипов/водяных знаков. Негативный промпт: фотореализм людей, лишние конечности, деформация анатомии, артефакты jpeg, watermark, logo, text overlay.";"Shot S07B. Location: Edge of the Mountain. Characters: PM. Scene: Morning plot twist: the hero notices the gardens. (part 2/2). Action: PM walks out to the edge of the mountain, pauses his step, squints into the distance and stretches his body forward, noticing the gardens behind the clouds.. Camera: In the foreground is the edge of a cliff, in the middle is the silhouette of PM, in the background are endless gardens and clouds; long shot with the camera slowly rising.. Dialogue: Early in the morning, leaning on the edge of the mountain, the bird's milk cake noticed giant gardens in the distance.. Style: stylized child-safe 3D animation, consistent character identity, cinematic 16:9 composition, no text/logo/watermark. Negative prompt: photoreal human look, extra limbs, deformed anatomy, jpeg artifacts, watermark, logo, text overlay."
S08;"Шот S08. Локация: Сады за облаками. Персонажи: Стая / Массовка, ПМ. Мизансцена: POV: людской сектор за облаками.. Действие: PM прячется за выступом и наблюдает, Crowd-люди внизу двигаются между столами, поднимают чашки и жестами общаются.. Камера: Передний план занимает силуэт PM и край укрытия, в среднем столы с людьми, на дальнем фоне сады; POV-ракурс с лёгким ручным дрожанием.. Реплика: PM: Что это?. Стиль: стилизованная 3D-анимация для детей, единая идентичность персонажей, кинематографичная композиция 16:9, без текста/логотипов/водяных знаков. Негативный промпт: фотореализм людей, лишние конечности, деформация анатомии, артефакты jpeg, watermark, logo, text overlay.";"Shot S08. Location: Gardens beyond the clouds. Characters: Crowd, PM. Scene: POV: the human sector behind the clouds.. Action: The PM hides behind the ledge and watches, the Crowd-people below move between the tables, raise their cups and communicate with gestures.. Camera: The foreground is occupied by the silhouette of PM and the edge of the shelter, tables with people in the middle, gardens in the background; POV angle with slight hand shake.. Dialogue: PM: What is this?. Style: stylized child-safe 3D animation, consistent character identity, cinematic 16:9 composition, no text/logo/watermark. Negative prompt: photoreal human look, extra limbs, deformed anatomy, jpeg artifacts, watermark, logo, text overlay."
S09A;"Шот S09A. Локация: Край скалы. Персонажи: ПМ. Мизансцена: Первый монолог Птичьего Молока. (часть 1/2). Действие: PM остаётся один, взгляд мечется между горизонтом и землёй, губы шепчут монолог, затем он резко принимает решение.. Камера: На переднем плане плечо и профиль PM, в среднем лицо в эмоции, на заднем размытый край скалы; крупный статичный с микродвижением на вдохе.. Реплика: PM: Чье же это царство? Кто вроде там в такой глуши?. Стиль: стилизованная 3D-анимация для детей, единая идентичность персонажей, кинематографичная композиция 16:9, без текста/логотипов/водяных знаков. Негативный промпт: фотореализм людей, лишние конечности, деформация анатомии, артефакты jpeg, watermark, logo, text overlay.";"Shot S09A. Location: cliff edge. Characters: PM. Scene: The first monologue of Bird's Milk. (part 1/2). Action: PM is left alone, his gaze darts between the horizon and the ground, his lips whisper a monologue, then he abruptly makes a decision.. Camera: In the foreground is the shoulder and profile of PM, in the middle is the face in emotion, in the background is the blurred edge of the cliff; large static with micro-movement on inhalation.. Dialogue: PM: Whose kingdom is this? Who seems to be there in such a wilderness?. Style: stylized child-safe 3D animation, consistent character identity, cinematic 16:9 composition, no text/logo/watermark. Negative prompt: photoreal human look, extra limbs, deformed anatomy, jpeg artifacts, watermark, logo, text overlay."
S09B;"Шот S09B. Локация: Край скалы. Персонажи: ПМ. Мизансцена: Первый монолог Птичьего Молока. (часть 2/2). Действие: PM остаётся один, взгляд мечется между горизонтом и землёй, губы шепчут монолог, затем он резко принимает решение.. Камера: На переднем плане плечо и профиль PM, в среднем лицо в эмоции, на заднем размытый край скалы; крупный статичный с микродвижением на вдохе.. Реплика: Наполеон или коварство? А может просто миражи?. Стиль: стилизованная 3D-анимация для детей, единая идентичность персонажей, кинематографичная композиция 16:9, без текста/логотипов/водяных знаков. Негативный промпт: фотореализм людей, лишние конечности, деформация анатомии, артефакты jpeg, watermark, logo, text overlay.";"Shot S09B. Location: cliff edge. Characters: PM. Scene: The first monologue of Bird's Milk. (part 2/2). Action: PM is left alone, his gaze darts between the horizon and the ground, his lips whisper a monologue, then he abruptly makes a decision.. Camera: In the foreground is the shoulder and profile of PM, in the middle is the face in emotion, in the background is the blurred edge of the cliff; large static with micro-movement on inhalation.. Dialogue: Napoleon or deceit? Or maybe just mirages?. Style: stylized child-safe 3D animation, consistent character identity, cinematic 16:9 composition, no text/logo/watermark. Negative prompt: photoreal human look, extra limbs, deformed anatomy, jpeg artifacts, watermark, logo, text overlay."
S10A;"Шот S10A. Локация: Двор частного дома. Персонажи: ПМ, Стая / Массовка. Мизансцена: Герой видит стол и людей с тортом. (часть 1/2). Действие: PM осторожно выглядывает из укрытия, Crowd-люди режут торт и двигаются вокруг стола, PM отшатывается от увиденного.. Камера: Передний план — предметы на столе и край тарелок, средний — люди в действии, задний — PM в тени; средний кадр с переводом фокуса с людей на PM.. Реплика: PM: Не сон для этом не приснился.. Стиль: стилизованная 3D-анимация для детей, единая идентичность персонажей, кинематографичная композиция 16:9, без текста/логотипов/водяных знаков. Негативный промпт: фотореализм людей, лишние конечности, деформация анатомии, артефакты jpeg, watermark, logo, text overlay.";"Shot S10A. Location: Courtyard of a private house. Characters: PM, Crowd. Scene: The hero sees a table and people with a cake. (part 1/2). Action: PM cautiously peeks out from cover, Crowd people cut the cake and move around the table, PM recoils from what he sees.. Camera: Foreground - objects on the table and the edge of plates, middle - people in action, background - PM in the shadows; medium shot with focus shifting from people to PM.. Dialogue: PM: This was not a dream.. Style: stylized child-safe 3D animation, consistent character identity, cinematic 16:9 composition, no text/logo/watermark. Negative prompt: photoreal human look, extra limbs, deformed anatomy, jpeg artifacts, watermark, logo, text overlay."
S10B;"Шот S10B. Локация: Двор частного дома. Персонажи: ПМ, Стая / Массовка. Мизансцена: Герой видит стол и людей с тортом. (часть 2/2). Действие: PM осторожно выглядывает из укрытия, Crowd-люди режут торт и двигаются вокруг стола, PM отшатывается от увиденного.. Камера: Передний план — предметы на столе и край тарелок, средний — люди в действии, задний — PM в тени; средний кадр с переводом фокуса с людей на PM.. Реплика: Ведь говорили, с детства нам не место на столе торт там, а эти варвары как можно пьют чай с тортом неосторожно, вареньем заедают сласть, раскрыв пошире свою пасть.. Стиль: стилизованная 3D-анимация для детей, единая идентичность персонажей, кинематографичная композиция 16:9, без текста/логотипов/водяных знаков. Негативный промпт: фотореализм людей, лишние конечности, деформация анатомии, артефакты jpeg, watermark, logo, text overlay.";"Shot S10B. Location: Courtyard of a private house. Characters: PM, Crowd. Scene: The hero sees a table and people with a cake. (part 2/2). Action: PM cautiously peeks out from cover, Crowd people cut the cake and move around the table, PM recoils from what he sees.. Camera: Foreground - objects on the table and the edge of plates, middle - people in action, background - PM in the shadows; medium shot with focus shifting from people to PM.. Dialogue: After all, they said that since childhood, cake has no place on the table for us, but these barbarians drink tea with cake carelessly as much as possible, eat the sweet with jam, opening their mouths wide.. Style: stylized child-safe 3D animation, consistent character identity, cinematic 16:9 composition, no text/logo/watermark. Negative prompt: photoreal human look, extra limbs, deformed anatomy, jpeg artifacts, watermark, logo, text overlay."
S11A;"Шот S11A. Локация: Склон горы. Персонажи: ПМ. Мизансцена: Монолог-решение: срочно предупредить дворец. (часть 1/2). Действие: PM сжимает кулаки, разворачивается от обзора людей и быстрым шагом уходит по склону в сторону дворца.. Камера: На переднем плане камни тропы, в среднем PM в движении, на заднем удаляющиеся сады; средний трекинг со следованием за спиной героя.. Реплика: PM: Скорее надо во дворец.. Стиль: стилизованная 3D-анимация для детей, единая идентичность персонажей, кинематографичная композиция 16:9, без текста/логотипов/водяных знаков. Негативный промпт: фотореализм людей, лишние конечности, деформация анатомии, артефакты jpeg, watermark, logo, text overlay.";"Shot S11A. Location: mountainside. Characters: PM. Scene: Monologue-solution: urgently warn the palace. (part 1/2). Action: PM clenches his fists, turns away from the view of people and quickly walks down the slope towards the palace.. Camera: In the foreground there are stones of the path, in the middle PM in motion, in the background receding gardens; average tracking with following behind the hero's back.. Dialogue: PM: We need to go to the palace quickly.. Style: stylized child-safe 3D animation, consistent character identity, cinematic 16:9 composition, no text/logo/watermark. Negative prompt: photoreal human look, extra limbs, deformed anatomy, jpeg artifacts, watermark, logo, text overlay."
S11B;"Шот S11B. Локация: Склон горы. Персонажи: ПМ. Мизансцена: Монолог-решение: срочно предупредить дворец. (часть 2/2). Действие: PM сжимает кулаки, разворачивается от обзора людей и быстрым шагом уходит по склону в сторону дворца.. Камера: На переднем плане камни тропы, в среднем PM в движении, на заднем удаляющиеся сады; средний трекинг со следованием за спиной героя.. Реплика: Предупредить о том, что видел, ведь для тортов такой конец и в страшном сне бы не предвидел.. Стиль: стилизованная 3D-анимация для детей, единая идентичность персонажей, кинематографичная композиция 16:9, без текста/логотипов/водяных знаков. Негативный промпт: фотореализм людей, лишние конечности, деформация анатомии, артефакты jpeg, watermark, logo, text overlay.";"Shot S11B. Location: mountainside. Characters: PM. Scene: Monologue-solution: urgently warn the palace. (part 2/2). Action: PM clenches his fists, turns away from the view of people and quickly walks down the slope towards the palace.. Camera: In the foreground there are stones of the path, in the middle PM in motion, in the background receding gardens; average tracking with following behind the hero's back.. Dialogue: To warn about what I saw, because even in my worst nightmare I would not have foreseen such an end for cakes.. Style: stylized child-safe 3D animation, consistent character identity, cinematic 16:9 composition, no text/logo/watermark. Negative prompt: photoreal human look, extra limbs, deformed anatomy, jpeg artifacts, watermark, logo, text overlay."
S12;"Шот S12. Локация: Ворота дворца. Персонажи: ПМ, Леденец / Стража. Мизансцена: У ворот дворца: требование пропуска.. Действие: PM подбегает к воротам, стучит ладонью и подаётся вперёд корпусом; Gurts настораживается и фиксирует стойку.. Камера: Передний план — створки ворот и решётка, средний — PM и Gurts лицом к лицу, задний — дворцовый двор; средний фронтальный кадр.. Реплика: PM: Эй, леденец, открой ворота. К Наполеону мне охота.. Стиль: стилизованная 3D-анимация для детей, единая идентичность персонажей, кинематографичная композиция 16:9, без текста/логотипов/водяных знаков. Негативный промпт: фотореализм людей, лишние конечности, деформация анатомии, артефакты jpeg, watermark, logo, text overlay.";"Shot S12. Location: Palace gate. Characters: PM, Candy Guard. Scene: At the palace gates: requirement for a pass.. Action: PM runs up to the goal, knocks with his palm and leans forward with his body; Gurts becomes alert and fixes the stance.. Camera: Foreground - gate leaves and bars, middle - PM and Gurts face to face, back - palace courtyard; middle frontal frame.. Dialogue: PM: Hey lollipop, open the gate. I'm keen on Napoleon.. Style: stylized child-safe 3D animation, consistent character identity, cinematic 16:9 composition, no text/logo/watermark. Negative prompt: photoreal human look, extra limbs, deformed anatomy, jpeg artifacts, watermark, logo, text overlay."
S13;"Шот S13. Локация: Ворота дворца. Персонажи: Леденец / Стража, ПМ. Мизансцена: Страж блокирует вход.. Действие: Gurts выставляет руку-барьер, PM делает шаг влево в поиске прохода, но останавливается под жёстким взглядом стража.. Камера: На переднем плане рука/копьё Gurts, в среднем PM и страж, на заднем закрытые ворота; средний статичный с лёгким контрпланом.. Реплика: Gurts: А что за дело? Всем тортам закрыт и двери тут и там.. Стиль: стилизованная 3D-анимация для детей, единая идентичность персонажей, кинематографичная композиция 16:9, без текста/логотипов/водяных знаков. Негативный промпт: фотореализм людей, лишние конечности, деформация анатомии, артефакты jpeg, watermark, logo, text overlay.";"Shot S13. Location: Palace gate. Characters: Candy Guard, PM. Scene: The guard is blocking the entrance.. Action: Gurts puts out a barrier hand, PM takes a step to the left in search of a passage, but stops under the harsh gaze of the guard.. Camera: In the foreground is Gurts's hand/spear, in the middle is PM and a guard, in the background is a closed gate; medium static with a slight counter shot.. Dialogue: Gurts: What's the matter? All cakes are closed and doors here and there.. Style: stylized child-safe 3D animation, consistent character identity, cinematic 16:9 composition, no text/logo/watermark. Negative prompt: photoreal human look, extra limbs, deformed anatomy, jpeg artifacts, watermark, logo, text overlay."
S14;"Шот S14. Локация: Ворота дворца. Персонажи: ПМ, Леденец / Стража. Мизансцена: Ключевая реплика-аргумент.. Действие: PM наклоняется ближе, говорит тихо и настойчиво, Gurts меняет выражение лица и колеблется перед решением.. Камера: Передний план — плечо PM, в среднем лица PM и Gurts, на заднем текстура ворот; крупный диалоговый кадр с минимальным паном.. Реплика: PM: А ты скажи ему, что я видал, как торт едет с утра.. Стиль: стилизованная 3D-анимация для детей, единая идентичность персонажей, кинематографичная композиция 16:9, без текста/логотипов/водяных знаков. Негативный промпт: фотореализм людей, лишние конечности, деформация анатомии, артефакты jpeg, watermark, logo, text overlay.";"Shot S14. Location: Palace gate. Characters: PM, Candy Guard. Scene: Key remark-argument.. Action: PM leans closer, speaks quietly and insistently, Gurts changes his facial expression and hesitates before making a decision.. Camera: Foreground - PM's shoulder, PM and Gurts faces in the middle, gate texture in the background; close-up dialogue shot with minimal panning.. Dialogue: PM: Tell him that I saw the cake coming in the morning.. Style: stylized child-safe 3D animation, consistent character identity, cinematic 16:9 composition, no text/logo/watermark. Negative prompt: photoreal human look, extra limbs, deformed anatomy, jpeg artifacts, watermark, logo, text overlay."
S15A;"Шот S15A. Локация: Тронный зал. Персонажи: Наполеон, ПМ, Желе, Эклер. Мизансцена: Тронный зал: Наполеон встречает героя угрозой. (часть 1/2). Действие: Napoleon встаёт у трона и доминирует голосом, PM держится прямо, General и Eclair обмениваются контролирующими взглядами.. Камера: Передний план — край трона, средний — Napoleon и PM в оппозиции, задний — General и Eclair; средний двухплановый кадр с медленным наездом.. Реплика: Napoleon: С момента царства моего тортов здесь не было давно.. Стиль: стилизованная 3D-анимация для детей, единая идентичность персонажей, кинематографичная композиция 16:9, без текста/логотипов/водяных знаков. Негативный промпт: фотореализм людей, лишние конечности, деформация анатомии, артефакты jpeg, watermark, logo, text overlay.";"Shot S15A. Location: Throne room. Characters: Napoleon, PM, General Jelly, Eclair. Scene: Throne Room: Napoleon greets the hero with a threat. (part 1/2). Action: Napoleon stands at the throne and dominates with his voice, PM stands upright, General and Eclair exchange controlling glances.. Camera: Foreground - edge of the throne, middle - Napoleon and PM in opposition, background - General and Eclair; medium two-shot shot with slow zoom.. Dialogue: Napoleon: There haven't been any cakes here for a long time since my kingdom.. Style: stylized child-safe 3D animation, consistent character identity, cinematic 16:9 composition, no text/logo/watermark. Negative prompt: photoreal human look, extra limbs, deformed anatomy, jpeg artifacts, watermark, logo, text overlay."
S15B;"Шот S15B. Локация: Тронный зал. Персонажи: Наполеон, ПМ, Желе, Эклер. Мизансцена: Тронный зал: Наполеон встречает героя угрозой. (часть 2/2). Действие: Napoleon встаёт у трона и доминирует голосом, PM держится прямо, General и Eclair обмениваются контролирующими взглядами.. Камера: Передний план — край трона, средний — Napoleon и PM в оппозиции, задний — General и Eclair; средний двухплановый кадр с медленным наездом.. Реплика: И если ты сюда явился, то лучше Богу помолился.. Стиль: стилизованная 3D-анимация для детей, единая идентичность персонажей, кинематографичная композиция 16:9, без текста/логотипов/водяных знаков. Негативный промпт: фотореализм людей, лишние конечности, деформация анатомии, артефакты jpeg, watermark, logo, text overlay.";"Shot S15B. Location: Throne room. Characters: Napoleon, PM, General Jelly, Eclair. Scene: Throne Room: Napoleon greets the hero with a threat. (part 2/2). Action: Napoleon stands at the throne and dominates with his voice, PM stands upright, General and Eclair exchange controlling glances.. Camera: Foreground - edge of the throne, middle - Napoleon and PM in opposition, background - General and Eclair; medium two-shot shot with slow zoom.. Dialogue: And if you came here, you better pray to God.. Style: stylized child-safe 3D animation, consistent character identity, cinematic 16:9 composition, no text/logo/watermark. Negative prompt: photoreal human look, extra limbs, deformed anatomy, jpeg artifacts, watermark, logo, text overlay."
S16;"Шот S16. Локация: Тронный зал. Персонажи: ПМ, Наполеон. Мизансцена: Птичье Молоко просит выслушать.. Действие: PM делает полшага вперёд, прижимает ладонь к груди и говорит сдержанно, Napoleon отворачивает голову, показывая скепсис.. Камера: Передний план — силуэт PM, в среднем PM и Napoleon, на заднем пустой тронный объём; крупный диалоговый кадр с лёгким наклоном камеры.. Реплика: PM: Успею я еще с мольбой. Услышь, что и лучше голос мой.. Стиль: стилизованная 3D-анимация для детей, единая идентичность персонажей, кинематографичная композиция 16:9, без текста/логотипов/водяных знаков. Негативный промпт: фотореализм людей, лишние конечности, деформация анатомии, артефакты jpeg, watermark, logo, text overlay.";"Shot S16. Location: Throne room. Characters: PM, Napoleon. Scene: Bird's Milk asks to listen.. Action: PM takes half a step forward, presses his palm to his chest and speaks reservedly, Napoleon turns his head away, showing skepticism.. Camera: In the foreground there is a silhouette of PM, in the middle there is PM and Napoleon, in the background there is an empty throne room; close-up dialogue shot with a slight camera tilt.. Dialogue: PM: I still have time with a prayer. Hear my voice better.. Style: stylized child-safe 3D animation, consistent character identity, cinematic 16:9 composition, no text/logo/watermark. Negative prompt: photoreal human look, extra limbs, deformed anatomy, jpeg artifacts, watermark, logo, text overlay."
S17A;"Шот S17A. Локация: Тронный зал. Персонажи: ПМ, Наполеон, Стая / Массовка. Мизансцена: Подробное описание увиденной угрозы. (часть 1/3). Действие: PM широкими жестами описывает увиденное, Crowd при дворе шепчется, Napoleon слушает с каменным лицом.. Камера: Передний план — жесты рук PM, в среднем PM и Napoleon, задний — придворная Crowd; средний кадр с мягким круговым обходом.. Реплика: PM: Сегодня, соответственно, из колы, увидел я, как там вдали за сводом и за небесами, за. Стиль: стилизованная 3D-анимация для детей, единая идентичность персонажей, кинематографичная композиция 16:9, без текста/логотипов/водяных знаков. Негативный промпт: фотореализм людей, лишние конечности, деформация анатомии, артефакты jpeg, watermark, logo, text overlay.";"Shot S17A. Location: Throne room. Characters: PM, Napoleon, Crowd. Scene: A detailed description of the threat seen. (part 1/3). Action: PM describes what he saw with broad gestures, Crowd whispers at court, Napoleon listens with a stony face.. Camera: Foreground - hand gestures of PM, middle PM and Napoleon, background - courtier Crowd; medium frame with a soft circular walk.. Dialogue: PM: Today, accordingly, from cola, I saw how far away behind the arch and beyond the heavens, beyond. Style: stylized child-safe 3D animation, consistent character identity, cinematic 16:9 composition, no text/logo/watermark. Negative prompt: photoreal human look, extra limbs, deformed anatomy, jpeg artifacts, watermark, logo, text overlay."
S17B;"Шот S17B. Локация: Тронный зал. Персонажи: ПМ, Наполеон, Стая / Массовка. Мизансцена: Подробное описание увиденной угрозы. (часть 2/3). Действие: PM широкими жестами описывает увиденное, Crowd при дворе шепчется, Napoleon слушает с каменным лицом.. Камера: Передний план — жесты рук PM, в среднем PM и Napoleon, задний — придворная Crowd; средний кадр с мягким круговым обходом.. Реплика: золоченными полями, где птицы роются в садах, там на обеденных столах, да вместе с чаем и. Стиль: стилизованная 3D-анимация для детей, единая идентичность персонажей, кинематографичная композиция 16:9, без текста/логотипов/водяных знаков. Негативный промпт: фотореализм людей, лишние конечности, деформация анатомии, артефакты jpeg, watermark, logo, text overlay.";"Shot S17B. Location: Throne room. Characters: PM, Napoleon, Crowd. Scene: A detailed description of the threat seen. (part 2/3). Action: PM describes what he saw with broad gestures, Crowd whispers at court, Napoleon listens with a stony face.. Camera: Foreground - hand gestures of PM, middle PM and Napoleon, background - courtier Crowd; medium frame with a soft circular walk.. Dialogue: gilded fields, where birds rummage in gardens, there on dining tables, and along with tea and. Style: stylized child-safe 3D animation, consistent character identity, cinematic 16:9 composition, no text/logo/watermark. Negative prompt: photoreal human look, extra limbs, deformed anatomy, jpeg artifacts, watermark, logo, text overlay."
S17C;"Шот S17C. Локация: Тронный зал. Персонажи: ПМ, Наполеон, Стая / Массовка. Мизансцена: Подробное описание увиденной угрозы. (часть 3/3). Действие: PM широкими жестами описывает увиденное, Crowd при дворе шепчется, Napoleon слушает с каменным лицом.. Камера: Передний план — жесты рук PM, в среднем PM и Napoleon, задний — придворная Crowd; средний кадр с мягким круговым обходом.. Реплика: вареньем, с большим, похожим наслаждением. Не знаю, что за существа, но поглотили два торта.. Стиль: стилизованная 3D-анимация для детей, единая идентичность персонажей, кинематографичная композиция 16:9, без текста/логотипов/водяных знаков. Негативный промпт: фотореализм людей, лишние конечности, деформация анатомии, артефакты jpeg, watermark, logo, text overlay.";"Shot S17C. Location: Throne room. Characters: PM, Napoleon, Crowd. Scene: A detailed description of the threat seen. (part 3/3). Action: PM describes what he saw with broad gestures, Crowd whispers at court, Napoleon listens with a stony face.. Camera: Foreground - hand gestures of PM, middle PM and Napoleon, background - courtier Crowd; medium frame with a soft circular walk.. Dialogue: jam, with great, similar pleasure. I don’t know what kind of creatures they were, but they devoured two cakes.. Style: stylized child-safe 3D animation, consistent character identity, cinematic 16:9 composition, no text/logo/watermark. Negative prompt: photoreal human look, extra limbs, deformed anatomy, jpeg artifacts, watermark, logo, text overlay."
S18;"Шот S18. Локация: Тронный зал. Персонажи: Печенье, Пончик. Мизансцена: Cookie и Donut в ужасе убегают.. Действие: Cookie и Donut резко отскакивают от центра, переглядываются и бегут к выходу, сбивая ритм церемонии.. Камера: Передний план — разбросанный реквизит, в среднем убегающие Cookie и Donut, на заднем шокированная Crowd; динамичный средний с рывком в пане.. Реплика: General: Повсюду у меня есть уши. Ты лучше царь его не слушай.. Стиль: стилизованная 3D-анимация для детей, единая идентичность персонажей, кинематографичная композиция 16:9, без текста/логотипов/водяных знаков. Негативный промпт: фотореализм людей, лишние конечности, деформация анатомии, артефакты jpeg, watermark, logo, text overlay.";"Shot S18. Location: Throne room. Characters: Cookie, Donut. Scene: Cookie and Donut run away in horror.. Action: Cookie and Donut jump sharply from the center, look at each other and run towards the exit, breaking the rhythm of the ceremony.. Camera: Scattered props in the foreground, Cookie and Donut running away in the middle, a shocked Crowd in the background; dynamic average with a jerk in the pan.. Dialogue: General: I have ears everywhere. You better not listen to him, king.. Style: stylized child-safe 3D animation, consistent character identity, cinematic 16:9 composition, no text/logo/watermark. Negative prompt: photoreal human look, extra limbs, deformed anatomy, jpeg artifacts, watermark, logo, text overlay."
S19A;"Шот S19A. Локация: Тронный зал. Персонажи: Желе, Наполеон, ПМ. Мизансцена: Желе обвиняет героя в заговоре. (часть 1/2). Действие: General выходит вперёд, указывает на PM обвиняющим жестом, Napoleon слушает, PM сдерживает ответ.. Камера: Передний план — указывающая рука General, в среднем General и PM, на заднем Napoleon; крупный конфликтный кадр с контровым светом.. Реплика: General: Пробрался он сюда специально, чтобы свергнуть вас. План гениальный.. Стиль: стилизованная 3D-анимация для детей, единая идентичность персонажей, кинематографичная композиция 16:9, без текста/логотипов/водяных знаков. Негативный промпт: фотореализм людей, лишние конечности, деформация анатомии, артефакты jpeg, watermark, logo, text overlay.";"Shot S19A. Location: Throne room. Characters: General Jelly, Napoleon, PM. Scene: Jelly accuses the hero of conspiracy. (part 1/2). Action: General comes forward, points at PM with an accusing gesture, Napoleon listens, PM holds back his response.. Camera: In the foreground is the General's pointing hand, in the middle General and PM, in the background Napoleon; close-up conflict shot with backlight.. Dialogue: General: He got here specifically to overthrow you. The plan is brilliant.. Style: stylized child-safe 3D animation, consistent character identity, cinematic 16:9 composition, no text/logo/watermark. Negative prompt: photoreal human look, extra limbs, deformed anatomy, jpeg artifacts, watermark, logo, text overlay."
S19B;"Шот S19B. Локация: Тронный зал. Персонажи: Желе, Наполеон, ПМ. Мизансцена: Желе обвиняет героя в заговоре. (часть 2/2). Действие: General выходит вперёд, указывает на PM обвиняющим жестом, Napoleon слушает, PM сдерживает ответ.. Камера: Передний план — указывающая рука General, в среднем General и PM, на заднем Napoleon; крупный конфликтный кадр с контровым светом.. Реплика: Отдайте мне его скорей. Узнает сразу кто главней.. Стиль: стилизованная 3D-анимация для детей, единая идентичность персонажей, кинематографичная композиция 16:9, без текста/логотипов/водяных знаков. Негативный промпт: фотореализм людей, лишние конечности, деформация анатомии, артефакты jpeg, watermark, logo, text overlay.";"Shot S19B. Location: Throne room. Characters: General Jelly, Napoleon, PM. Scene: Jelly accuses the hero of conspiracy. (part 2/2). Action: General comes forward, points at PM with an accusing gesture, Napoleon listens, PM holds back his response.. Camera: In the foreground is the General's pointing hand, in the middle General and PM, in the background Napoleon; close-up conflict shot with backlight.. Dialogue: Give it to me quickly. He will immediately find out who is in charge.. Style: stylized child-safe 3D animation, consistent character identity, cinematic 16:9 composition, no text/logo/watermark. Negative prompt: photoreal human look, extra limbs, deformed anatomy, jpeg artifacts, watermark, logo, text overlay."
S20;"Шот S20. Локация: Тронный зал. Персонажи: Эклер, Желе. Мизансцена: Эклер поддерживает сомнение двора.. Действие: Eclair подхватывает линию General, говорит в полоборота к Napoleon и поднимает брови, усиливая сомнение.. Камера: Передний план — профиль Eclair, средний — Eclair и General, задний — Napoleon на троне; средний репликовый кадр с лёгким долли-ин.. Реплика: Eclair: Ну что за вздор, откуда здесь до тортоеды уже есть?. Стиль: стилизованная 3D-анимация для детей, единая идентичность персонажей, кинематографичная композиция 16:9, без текста/логотипов/водяных знаков. Негативный промпт: фотореализм людей, лишние конечности, деформация анатомии, артефакты jpeg, watermark, logo, text overlay.";"Shot S20. Location: Throne room. Characters: Eclair, General Jelly. Scene: Eclair supports the court's doubts.. Action: Eclair picks up the General's line, speaks half-turn to Napoleon and raises his eyebrows, increasing his doubt.. Camera: Foreground - profile of Eclair, middle - Eclair and General, background - Napoleon on the throne; medium replica shot with slight dolly-in.. Dialogue: Eclair: What nonsense, how come there are already cake eaters here?. Style: stylized child-safe 3D animation, consistent character identity, cinematic 16:9 composition, no text/logo/watermark. Negative prompt: photoreal human look, extra limbs, deformed anatomy, jpeg artifacts, watermark, logo, text overlay."
S21A;"Шот S21A. Локация: Тронный зал. Персонажи: ПМ, Наполеон. Мизансцена: Птичье Молоко настаивает: проверить лично. (часть 1/2). Действие: PM не отступает, выпрямляется и снова просит проверку, Napoleon остаётся холодным и не меняет позы.. Камера: Передний план — PM в полуобороте, средний — PM и Napoleon, задний — глубокий зал; средний статичный кадр с короткой сменой фокуса.. Реплика: PM: Они не здесь, под небесами, за золоченными полями, среди садов, за облаками.. Стиль: стилизованная 3D-анимация для детей, единая идентичность персонажей, кинематографичная композиция 16:9, без текста/логотипов/водяных знаков. Негативный промпт: фотореализм людей, лишние конечности, деформация анатомии, артефакты jpeg, watermark, logo, text overlay.";"Shot S21A. Location: Throne room. Characters: PM, Napoleon. Scene: Bird's Milk insists: check it personally. (part 1/2). Action: PM doesn't back down, straightens up and asks for a check again, Napoleon remains cold and doesn't change his position.. Camera: Foreground - PM in half-turn, middle - PM and Napoleon, background - deep hall; medium static frame with a short change of focus.. Dialogue: PM: They are not here, under the skies, beyond the gilded fields, among the gardens, behind the clouds.. Style: stylized child-safe 3D animation, consistent character identity, cinematic 16:9 composition, no text/logo/watermark. Negative prompt: photoreal human look, extra limbs, deformed anatomy, jpeg artifacts, watermark, logo, text overlay."
S21B;"Шот S21B. Локация: Тронный зал. Персонажи: ПМ, Наполеон. Мизансцена: Птичье Молоко настаивает: проверить лично. (часть 2/2). Действие: PM не отступает, выпрямляется и снова просит проверку, Napoleon остаётся холодным и не меняет позы.. Камера: Передний план — PM в полуобороте, средний — PM и Napoleon, задний — глубокий зал; средний статичный кадр с короткой сменой фокуса.. Реплика: Сходите и проверьте сами.. Стиль: стилизованная 3D-анимация для детей, единая идентичность персонажей, кинематографичная композиция 16:9, без текста/логотипов/водяных знаков. Негативный промпт: фотореализм людей, лишние конечности, деформация анатомии, артефакты jpeg, watermark, logo, text overlay.";"Shot S21B. Location: Throne room. Characters: PM, Napoleon. Scene: Bird's Milk insists: check it personally. (part 2/2). Action: PM doesn't back down, straightens up and asks for a check again, Napoleon remains cold and doesn't change his position.. Camera: Foreground - PM in half-turn, middle - PM and Napoleon, background - deep hall; medium static frame with a short change of focus.. Dialogue: Go and check it out for yourself.. Style: stylized child-safe 3D animation, consistent character identity, cinematic 16:9 composition, no text/logo/watermark. Negative prompt: photoreal human look, extra limbs, deformed anatomy, jpeg artifacts, watermark, logo, text overlay."
S22;"Шот S22. Локация: Тронный зал. Персонажи: Желе, ПМ. Мизансцена: Желе повышает давление.. Действие: General сокращает дистанцию, нависает над PM и гасит его попытку говорить, PM сохраняет стойкость.. Камера: Передний план — силуэт General, средний — PM под давлением, задний — трон и стража; средний кадр с небольшим нижним ракурсом.. Реплика: General: Да ты дерзить, похоже, вздумал. Ишь, посмотри, чего думал.. Стиль: стилизованная 3D-анимация для детей, единая идентичность персонажей, кинематографичная композиция 16:9, без текста/логотипов/водяных знаков. Негативный промпт: фотореализм людей, лишние конечности, деформация анатомии, артефакты jpeg, watermark, logo, text overlay.";"Shot S22. Location: Throne room. Characters: General Jelly, PM. Scene: Jelly increases blood pressure.. Action: General closes the distance, looms over PM and extinguishes his attempt to speak, PM remains stoic.. Camera: Foreground - silhouette of General, middle - PM under pressure, background - throne and guards; medium shot with a slight low angle.. Dialogue: General: Yes, you seem to have decided to be insolent. Look, look what I was thinking.. Style: stylized child-safe 3D animation, consistent character identity, cinematic 16:9 composition, no text/logo/watermark. Negative prompt: photoreal human look, extra limbs, deformed anatomy, jpeg artifacts, watermark, logo, text overlay."
S23A;"Шот S23A. Локация: Тронный зал. Персонажи: Наполеон, ПМ. Мизансцена: Наполеон высмеивает и отвергает угрозу. (часть 1/2). Действие: Napoleon усмехается, делает dismiss-жест рукой и отворачивается от PM, завершая спор приказным тоном.. Камера: На переднем плане жест Napoleon, в среднем Napoleon и PM, на заднем Eclair и General; крупный/средний переход с акцентом на реакцию PM.. Реплика: Napoleon: Ну ты ей Богу рассмешил. Чего ты видел, где ты был? И нам какая в том забота?. Стиль: стилизованная 3D-анимация для детей, единая идентичность персонажей, кинематографичная композиция 16:9, без текста/логотипов/водяных знаков. Негативный промпт: фотореализм людей, лишние конечности, деформация анатомии, артефакты jpeg, watermark, logo, text overlay.";"Shot S23A. Location: Throne room. Characters: Napoleon, PM. Scene: Napoleon ridicules and dismisses the threat. (part 1/2). Action: Napoleon grins, makes a dismissive gesture with his hand and turns away from PM, ending the argument in an orderly tone.. Camera: In the foreground is the Napoleon gesture, in the middle is Napoleon and PM, in the background is Eclair and General; large/medium transition with emphasis on PM response.. Dialogue: Napoleon: Well, you really made me laugh. What did you see, where were you? And why should we care?. Style: stylized child-safe 3D animation, consistent character identity, cinematic 16:9 composition, no text/logo/watermark. Negative prompt: photoreal human look, extra limbs, deformed anatomy, jpeg artifacts, watermark, logo, text overlay."
S23B;"Шот S23B. Локация: Тронный зал. Персонажи: Наполеон, ПМ. Мизансцена: Наполеон высмеивает и отвергает угрозу. (часть 2/2). Действие: Napoleon усмехается, делает dismiss-жест рукой и отворачивается от PM, завершая спор приказным тоном.. Камера: На переднем плане жест Napoleon, в среднем Napoleon и PM, на заднем Eclair и General; крупный/средний переход с акцентом на реакцию PM.. Реплика: Не наши, это ведь работа другие царства изучать. Своих бы слуг нам поучать.. Стиль: стилизованная 3D-анимация для детей, единая идентичность персонажей, кинематографичная композиция 16:9, без текста/логотипов/водяных знаков. Негативный промпт: фотореализм людей, лишние конечности, деформация анатомии, артефакты jpeg, watermark, logo, text overlay.";"Shot S23B. Location: Throne room. Characters: Napoleon, PM. Scene: Napoleon ridicules and dismisses the threat. (part 2/2). Action: Napoleon grins, makes a dismissive gesture with his hand and turns away from PM, ending the argument in an orderly tone.. Camera: In the foreground is the Napoleon gesture, in the middle is Napoleon and PM, in the background is Eclair and General; large/medium transition with emphasis on PM response.. Dialogue: Not ours, it’s our job to study other kingdoms. We should teach our servants.. Style: stylized child-safe 3D animation, consistent character identity, cinematic 16:9 composition, no text/logo/watermark. Negative prompt: photoreal human look, extra limbs, deformed anatomy, jpeg artifacts, watermark, logo, text overlay."
S24A;"Шот S24A. Локация: Тронный зал. Персонажи: ПМ, Наполеон. Мизансцена: Птичье Молоко предупреждает о последствиях. (часть 1/2). Действие: PM делает последний шаг к центру, предупреждает о риске и фиксирует взгляд на Napoleon, не моргая.. Камера: Передний план — лицо PM, средний — дистанция PM и Napoleon, задний — пустой тронный проход; крупный драматический кадр.. Реплика: PM: Ну как хотите, только если вас так сожрут, сожрут всех. Стиль: стилизованная 3D-анимация для детей, единая идентичность персонажей, кинематографичная композиция 16:9, без текста/логотипов/водяных знаков. Негативный промпт: фотореализм людей, лишние конечности, деформация анатомии, артефакты jpeg, watermark, logo, text overlay.";"Shot S24A. Location: Throne room. Characters: PM, Napoleon. Scene: Bird's Milk warns of the consequences. (part 1/2). Action: PM takes the last step towards the center, warns of the risk and fixes his gaze on Napoleon without blinking.. Camera: Foreground - PM's face, middle - distance between PM and Napoleon, back - empty throne passage; close-up dramatic shot.. Dialogue: PM: Well, as you wish, only if they devour you like this, they will devour everyone. Style: stylized child-safe 3D animation, consistent character identity, cinematic 16:9 composition, no text/logo/watermark. Negative prompt: photoreal human look, extra limbs, deformed anatomy, jpeg artifacts, watermark, logo, text overlay."
S24B;"Шот S24B. Локация: Тронный зал. Персонажи: ПМ, Наполеон. Мизансцена: Птичье Молоко предупреждает о последствиях. (часть 2/2). Действие: PM делает последний шаг к центру, предупреждает о риске и фиксирует взгляд на Napoleon, не моргая.. Камера: Передний план — лицо PM, средний — дистанция PM и Napoleon, задний — пустой тронный проход; крупный драматический кадр.. Реплика: вместе, то вспомните мои слова, на то и есть ведь голова.. Стиль: стилизованная 3D-анимация для детей, единая идентичность персонажей, кинематографичная композиция 16:9, без текста/логотипов/водяных знаков. Негативный промпт: фотореализм людей, лишние конечности, деформация анатомии, артефакты jpeg, watermark, logo, text overlay.";"Shot S24B. Location: Throne room. Characters: PM, Napoleon. Scene: Bird's Milk warns of the consequences. (part 2/2). Action: PM takes the last step towards the center, warns of the risk and fixes his gaze on Napoleon without blinking.. Camera: Foreground - PM's face, middle - distance between PM and Napoleon, back - empty throne passage; close-up dramatic shot.. Dialogue: together, then remember my words, that’s what the head is for.. Style: stylized child-safe 3D animation, consistent character identity, cinematic 16:9 composition, no text/logo/watermark. Negative prompt: photoreal human look, extra limbs, deformed anatomy, jpeg artifacts, watermark, logo, text overlay."
S25;"Шот S25. Локация: Тронный зал. Персонажи: Желе, ПМ. Мизансцена: Желе срывается: «надоел».. Действие: General срывается, резко выбрасывает руку вперёд и перекрывает PM путь, PM инстинктивно отступает на полшага.. Камера: Передний план — резкий жест General, средний — General и PM в столкновении, задний — охрана; крупный кадр с жёсткой остановкой камеры.. Реплика: General: Всё, надоел ты мне однако, да ты еще из-за бияка?. Стиль: стилизованная 3D-анимация для детей, единая идентичность персонажей, кинематографичная композиция 16:9, без текста/логотипов/водяных знаков. Негативный промпт: фотореализм людей, лишние конечности, деформация анатомии, артефакты jpeg, watermark, logo, text overlay.";"Shot S25. Location: Throne room. Characters: General Jelly, PM. Scene: The jelly breaks down: “I’m tired of it.”. Action: General breaks down, sharply throws his hand forward and blocks PM's path, PM instinctively retreats half a step.. Camera: Foreground - General's sharp gesture, middle - General and PM in a collision, background - security; close-up shot with a hard camera stop.. Dialogue: General: That's it, I'm tired of you, but are you still because of the bully?. Style: stylized child-safe 3D animation, consistent character identity, cinematic 16:9 composition, no text/logo/watermark. Negative prompt: photoreal human look, extra limbs, deformed anatomy, jpeg artifacts, watermark, logo, text overlay."
S26;"Шот S26. Локация: Тронный зал. Персонажи: Желе, Леденец / Стража. Мизансцена: Свисток и выход охраны.. Действие: General свистит, Gurts быстро входят в кадр с двух сторон и смыкают коридор вокруг PM.. Камера: Передний план — движение Gurts в расфокусе, средний — General в центре, задний — PM в кольце; средний динамичный кадр с панорамой слева направо.. Реплика: General: Всё, довольно.. Стиль: стилизованная 3D-анимация для детей, единая идентичность персонажей, кинематографичная композиция 16:9, без текста/логотипов/водяных знаков. Негативный промпт: фотореализм людей, лишние конечности, деформация анатомии, артефакты jpeg, watermark, logo, text overlay.";"Shot S26. Location: Throne room. Characters: General Jelly, Candy Guard. Scene: Whistle and security exit.. Action: General whistles, Gurts quickly enters the frame from both sides and closes the corridor around PM.. Camera: Foreground - Gurts movement in out of focus, middle - General in the center, background - PM in the ring; medium dynamic shot with panorama from left to right.. Dialogue: General: That's enough.. Style: stylized child-safe 3D animation, consistent character identity, cinematic 16:9 composition, no text/logo/watermark. Negative prompt: photoreal human look, extra limbs, deformed anatomy, jpeg artifacts, watermark, logo, text overlay."
S27A;"Шот S27A. Локация: Тронный зал / выход. Персонажи: Наполеон, ПМ, Леденец / Стража. Мизансцена: Наполеон выдворяет героя к горам. (часть 1/2). Действие: Napoleon приказывает вывести PM, Gurts берут его в сопровождение, PM уходит, оглядываясь на трон.. Камера: Передний план — плечи Gurts, средний — PM между ними, задний — Napoleon у трона; средний проводочный кадр к выходу.. Реплика: Napoleon: Хватит нам. Езжай обратно ты к горам.. Стиль: стилизованная 3D-анимация для детей, единая идентичность персонажей, кинематографичная композиция 16:9, без текста/логотипов/водяных знаков. Негативный промпт: фотореализм людей, лишние конечности, деформация анатомии, артефакты jpeg, watermark, logo, text overlay.";"Shot S27A. Location: Throne room/exit. Characters: Napoleon, PM, Candy Guard. Scene: Napoleon expels the hero to the mountains. (part 1/2). Action: Napoleon orders PM to be taken out, Gurts takes him as an escort, PM leaves, looking back at the throne.. Camera: Foreground - Gurts' shoulders, middle - PM between them, background - Napoleon at the throne; middle wire frame to the exit.. Dialogue: Napoleon: We've had enough. Go back to the mountains.. Style: stylized child-safe 3D animation, consistent character identity, cinematic 16:9 composition, no text/logo/watermark. Negative prompt: photoreal human look, extra limbs, deformed anatomy, jpeg artifacts, watermark, logo, text overlay."
S27B;"Шот S27B. Локация: Тронный зал / выход. Персонажи: Наполеон, ПМ, Леденец / Стража. Мизансцена: Наполеон выдворяет героя к горам. (часть 2/2). Действие: Napoleon приказывает вывести PM, Gurts берут его в сопровождение, PM уходит, оглядываясь на трон.. Камера: Передний план — плечи Gurts, средний — PM между ними, задний — Napoleon у трона; средний проводочный кадр к выходу.. Реплика: За твое смелость отпускаю, но если я опять узнаю, что ты про это говоришь, тогда держись наш торт, малыш.. Стиль: стилизованная 3D-анимация для детей, единая идентичность персонажей, кинематографичная композиция 16:9, без текста/логотипов/водяных знаков. Негативный промпт: фотореализм людей, лишние конечности, деформация анатомии, артефакты jpeg, watermark, logo, text overlay.";"Shot S27B. Location: Throne room/exit. Characters: Napoleon, PM, Candy Guard. Scene: Napoleon expels the hero to the mountains. (part 2/2). Action: Napoleon orders PM to be taken out, Gurts takes him as an escort, PM leaves, looking back at the throne.. Camera: Foreground - Gurts' shoulders, middle - PM between them, background - Napoleon at the throne; middle wire frame to the exit.. Dialogue: I'm letting you go for your courage, but if I find out again that you're talking about this, then hold on to our cake, baby.. Style: stylized child-safe 3D animation, consistent character identity, cinematic 16:9 composition, no text/logo/watermark. Negative prompt: photoreal human look, extra limbs, deformed anatomy, jpeg artifacts, watermark, logo, text overlay."
S28A;"Шот S28A. Локация: Тронный зал. Персонажи: Наполеон, Желе. Мизансцена: Тайный приказ о слежке. (часть 1/2). Действие: После ухода PM Napoleon понижает голос и даёт General скрытый приказ о наблюдении.. Камера: Передний план — край трона и тень, средний — Napoleon и General близко друг к другу, задний — пустеющий зал; крупный тайный кадр.. Реплика: Napoleon: И всё же вы за ним следите. И мне тихонько говорите.. Стиль: стилизованная 3D-анимация для детей, единая идентичность персонажей, кинематографичная композиция 16:9, без текста/логотипов/водяных знаков. Негативный промпт: фотореализм людей, лишние конечности, деформация анатомии, артефакты jpeg, watermark, logo, text overlay.";"Shot S28A. Location: Throne room. Characters: Napoleon, General Jelly. Scene: Secret surveillance order. (part 1/2). Action: After PM leaves, Napoleon lowers his voice and gives the General a hidden order to observe.. Camera: The foreground is the edge of the throne and the shadow, the middle is Napoleon and the General close to each other, the back is the emptying hall; close-up secret shot.. Dialogue: Napoleon: And yet you follow him. And tell me quietly.. Style: stylized child-safe 3D animation, consistent character identity, cinematic 16:9 composition, no text/logo/watermark. Negative prompt: photoreal human look, extra limbs, deformed anatomy, jpeg artifacts, watermark, logo, text overlay."
S28B;"Шот S28B. Локация: Тронный зал. Персонажи: Наполеон, Желе. Мизансцена: Тайный приказ о слежке. (часть 2/2). Действие: После ухода PM Napoleon понижает голос и даёт General скрытый приказ о наблюдении.. Камера: Передний план — край трона и тень, средний — Napoleon и General близко друг к другу, задний — пустеющий зал; крупный тайный кадр.. Реплика: Вдруг что и где произойдет? А если этот торт не врет?. Стиль: стилизованная 3D-анимация для детей, единая идентичность персонажей, кинематографичная композиция 16:9, без текста/логотипов/водяных знаков. Негативный промпт: фотореализм людей, лишние конечности, деформация анатомии, артефакты jpeg, watermark, logo, text overlay.";"Shot S28B. Location: Throne room. Characters: Napoleon, General Jelly. Scene: Secret surveillance order. (part 2/2). Action: After PM leaves, Napoleon lowers his voice and gives the General a hidden order to observe.. Camera: The foreground is the edge of the throne and the shadow, the middle is Napoleon and the General close to each other, the back is the emptying hall; close-up secret shot.. Dialogue: What if what happens and where? What if this cake doesn’t lie?. Style: stylized child-safe 3D animation, consistent character identity, cinematic 16:9 composition, no text/logo/watermark. Negative prompt: photoreal human look, extra limbs, deformed anatomy, jpeg artifacts, watermark, logo, text overlay."
S29A;"Шот S29A. Локация: Тронный зал. Персонажи: Блин, Наполеон. Мизансцена: Появление Казначея с проверкой инвентаря. (часть 1/2). Действие: Blin осторожно входит со свитком, показывает инвентарь и мнётся, Napoleon нетерпеливо ждёт цифры.. Камера: Передний план — свиток/печать в руках Blin, средний — Blin и Napoleon, задний — стража у колонн; средний деловой кадр.. Реплика: Blin: Простите, а у нас проверка. Читаем царский инвентарь.. Стиль: стилизованная 3D-анимация для детей, единая идентичность персонажей, кинематографичная композиция 16:9, без текста/логотипов/водяных знаков. Негативный промпт: фотореализм людей, лишние конечности, деформация анатомии, артефакты jpeg, watermark, logo, text overlay.";"Shot S29A. Location: Throne room. Characters: Blin, Napoleon. Scene: The Treasurer appears to check the inventory. (part 1/2). Action: Blin carefully enters with a scroll, shows the inventory and crumples, Napoleon impatiently waits for the numbers.. Camera: Foreground - scroll/seal in the hands of Blin, middle - Blin and Napoleon, background - guards at the columns; average business shot.. Dialogue: Blin: Sorry, but we have a check. We read the royal inventory.. Style: stylized child-safe 3D animation, consistent character identity, cinematic 16:9 composition, no text/logo/watermark. Negative prompt: photoreal human look, extra limbs, deformed anatomy, jpeg artifacts, watermark, logo, text overlay."
S29B;"Шот S29B. Локация: Тронный зал. Персонажи: Блин, Наполеон. Мизансцена: Появление Казначея с проверкой инвентаря. (часть 2/2). Действие: Blin осторожно входит со свитком, показывает инвентарь и мнётся, Napoleon нетерпеливо ждёт цифры.. Камера: Передний план — свиток/печать в руках Blin, средний — Blin и Napoleon, задний — стража у колонн; средний деловой кадр.. Реплика: Утрона номерная бирка. Да и записать мне ее, царь.. Стиль: стилизованная 3D-анимация для детей, единая идентичность персонажей, кинематографичная композиция 16:9, без текста/логотипов/водяных знаков. Негативный промпт: фотореализм людей, лишние конечности, деформация анатомии, артефакты jpeg, watermark, logo, text overlay.";"Shot S29B. Location: Throne room. Characters: Blin, Napoleon. Scene: The Treasurer appears to check the inventory. (part 2/2). Action: Blin carefully enters with a scroll, shows the inventory and crumples, Napoleon impatiently waits for the numbers.. Camera: Foreground - scroll/seal in the hands of Blin, middle - Blin and Napoleon, background - guards at the columns; average business shot.. Dialogue: Morning number tag. And write it down for me, king.. Style: stylized child-safe 3D animation, consistent character identity, cinematic 16:9 composition, no text/logo/watermark. Negative prompt: photoreal human look, extra limbs, deformed anatomy, jpeg artifacts, watermark, logo, text overlay."
S30A;"Шот S30A. Локация: Тронный зал. Персонажи: Наполеон, Блин, Желе. Мизансцена: Наполеон переводит разговор к бюджету армии. (часть 1/2). Действие: Napoleon разворачивается к Blin и General, жёстко формулирует запрос по бюджету и военным расходам.. Камера: Передний план — Napoleon в полуфигуре, средний — Blin и General как адресаты, задний — трон; средний трёхфигурный кадр с лёгким зумом.. Реплика: Napoleon: Какая нынче обстановка? И ты давай тут не юлей.. Стиль: стилизованная 3D-анимация для детей, единая идентичность персонажей, кинематографичная композиция 16:9, без текста/логотипов/водяных знаков. Негативный промпт: фотореализм людей, лишние конечности, деформация анатомии, артефакты jpeg, watermark, logo, text overlay.";"Shot S30A. Location: Throne room. Characters: Napoleon, Blin, General Jelly. Scene: Napoleon turns the conversation to the army budget. (part 1/2). Action: Napoleon turns to Blin and General, harshly formulates a request for the budget and military spending.. Camera: Foreground - Napoleon in half-figure, middle - Blin and General as recipients, background - throne; medium three-figure frame with slight zoom.. Dialogue: Napoleon: What is the situation today? And don’t be a fool here.. Style: stylized child-safe 3D animation, consistent character identity, cinematic 16:9 composition, no text/logo/watermark. Negative prompt: photoreal human look, extra limbs, deformed anatomy, jpeg artifacts, watermark, logo, text overlay."
S30B;"Шот S30B. Локация: Тронный зал. Персонажи: Наполеон, Блин, Желе. Мизансцена: Наполеон переводит разговор к бюджету армии. (часть 2/2). Действие: Napoleon разворачивается к Blin и General, жёстко формулирует запрос по бюджету и военным расходам.. Камера: Передний план — Napoleon в полуфигуре, средний — Blin и General как адресаты, задний — трон; средний трёхфигурный кадр с лёгким зумом.. Реплика: Для армии нужна обновка. Мы сколько денег сберегли?. Стиль: стилизованная 3D-анимация для детей, единая идентичность персонажей, кинематографичная композиция 16:9, без текста/логотипов/водяных знаков. Негативный промпт: фотореализм людей, лишние конечности, деформация анатомии, артефакты jpeg, watermark, logo, text overlay.";"Shot S30B. Location: Throne room. Characters: Napoleon, Blin, General Jelly. Scene: Napoleon turns the conversation to the army budget. (part 2/2). Action: Napoleon turns to Blin and General, harshly formulates a request for the budget and military spending.. Camera: Foreground - Napoleon in half-figure, middle - Blin and General as recipients, background - throne; medium three-figure frame with slight zoom.. Dialogue: The army needs something new. How much money have we saved?. Style: stylized child-safe 3D animation, consistent character identity, cinematic 16:9 composition, no text/logo/watermark. Negative prompt: photoreal human look, extra limbs, deformed anatomy, jpeg artifacts, watermark, logo, text overlay."
S31A;"Шот S31A. Локация: Тронный зал. Персонажи: Блин, Наполеон. Мизансцена: Казначей предлагает закрыть балы ради финансов. (часть 1/2). Действие: Blin считает на пальцах, предлагает урезать балы и показывает расчёт на листе Napoleon.. Камера: Передний план — лист с цифрами, средний — Blin и Napoleon, задний — зал в полутьме; крупно-средний кадр с акцентом на документ.. Реплика: Blin: Бой, государь, ну что вы правы? Казна пуста.. Стиль: стилизованная 3D-анимация для детей, единая идентичность персонажей, кинематографичная композиция 16:9, без текста/логотипов/водяных знаков. Негативный промпт: фотореализм людей, лишние конечности, деформация анатомии, артефакты jpeg, watermark, logo, text overlay.";"Shot S31A. Location: Throne room. Characters: Blin, Napoleon. Scene: The treasurer suggests closing the balls for the sake of finances. (part 1/2). Action: Blin counts on his fingers, offers to cut points and shows the calculation on the Napoleon sheet.. Camera: The foreground is a sheet of numbers, the middle one is Blin and Napoleon, the background is a hall in semi-darkness; large-medium frame with emphasis on the document.. Dialogue: Blin: Boy, sir, are you right? The treasury is empty.. Style: stylized child-safe 3D animation, consistent character identity, cinematic 16:9 composition, no text/logo/watermark. Negative prompt: photoreal human look, extra limbs, deformed anatomy, jpeg artifacts, watermark, logo, text overlay."
S31B;"Шот S31B. Локация: Тронный зал. Персонажи: Блин, Наполеон. Мизансцена: Казначей предлагает закрыть балы ради финансов. (часть 2/2). Действие: Blin считает на пальцах, предлагает урезать балы и показывает расчёт на листе Napoleon.. Камера: Передний план — лист с цифрами, средний — Blin и Napoleon, задний — зал в полутьме; крупно-средний кадр с акцентом на документ.. Реплика: Ну если надо, мы можем прекратить баллы. Финансы вырастут твой.. Стиль: стилизованная 3D-анимация для детей, единая идентичность персонажей, кинематографичная композиция 16:9, без текста/логотипов/водяных знаков. Негативный промпт: фотореализм людей, лишние конечности, деформация анатомии, артефакты jpeg, watermark, logo, text overlay.";"Shot S31B. Location: Throne room. Characters: Blin, Napoleon. Scene: The treasurer suggests closing the balls for the sake of finances. (part 2/2). Action: Blin counts on his fingers, offers to cut points and shows the calculation on the Napoleon sheet.. Camera: The foreground is a sheet of numbers, the middle one is Blin and Napoleon, the background is a hall in semi-darkness; large-medium frame with emphasis on the document.. Dialogue: Well, if necessary, we can stop the points. Your finances will grow.. Style: stylized child-safe 3D animation, consistent character identity, cinematic 16:9 composition, no text/logo/watermark. Negative prompt: photoreal human look, extra limbs, deformed anatomy, jpeg artifacts, watermark, logo, text overlay."
S32A;"Шот S32A. Локация: Тронный зал. Персонажи: Эклер. Мизансцена: Эклер протестует против отмены балов. (часть 1/2). Действие: Eclair эмоционально возражает, разводит руки и делает шаг к центру, защищая придворные традиции.. Камера: Передний план — лицо Eclair, средний — его жесты, задний — размытый трон и стража; средний портретный кадр.. Реплика: Eclair: Жизнь без баллов. Как это грустно.. Стиль: стилизованная 3D-анимация для детей, единая идентичность персонажей, кинематографичная композиция 16:9, без текста/логотипов/водяных знаков. Негативный промпт: фотореализм людей, лишние конечности, деформация анатомии, артефакты jpeg, watermark, logo, text overlay.";"Shot S32A. Location: Throne room. Characters: Eclair. Scene: Eclair protests against the cancellation of the balls. (part 1/2). Action: Eclair protests emotionally, spreads his arms and takes a step to the center, defending court traditions.. Camera: The foreground is Eclair's face, the middle is his gestures, the background is a blurred throne and guards; medium portrait frame.. Dialogue: Eclair: Life without points. How sad it is.. Style: stylized child-safe 3D animation, consistent character identity, cinematic 16:9 composition, no text/logo/watermark. Negative prompt: photoreal human look, extra limbs, deformed anatomy, jpeg artifacts, watermark, logo, text overlay."
S32B;"Шот S32B. Локация: Тронный зал. Персонажи: Эклер. Мизансцена: Эклер протестует против отмены балов. (часть 2/2). Действие: Eclair эмоционально возражает, разводит руки и делает шаг к центру, защищая придворные традиции.. Камера: Передний план — лицо Eclair, средний — его жесты, задний — размытый трон и стража; средний портретный кадр.. Реплика: Блин. Слушай, это ведь искусство.. Стиль: стилизованная 3D-анимация для детей, единая идентичность персонажей, кинематографичная композиция 16:9, без текста/логотипов/водяных знаков. Негативный промпт: фотореализм людей, лишние конечности, деформация анатомии, артефакты jpeg, watermark, logo, text overlay.";"Shot S32B. Location: Throne room. Characters: Eclair. Scene: Eclair protests against the cancellation of the balls. (part 2/2). Action: Eclair protests emotionally, spreads his arms and takes a step to the center, defending court traditions.. Camera: The foreground is Eclair's face, the middle is his gestures, the background is a blurred throne and guards; medium portrait frame.. Dialogue: Crap. Listen, this is art.. Style: stylized child-safe 3D animation, consistent character identity, cinematic 16:9 composition, no text/logo/watermark. Negative prompt: photoreal human look, extra limbs, deformed anatomy, jpeg artifacts, watermark, logo, text overlay."
S33A;"Шот S33A. Локация: Тронный зал. Персонажи: Эклер, Желе, Печенье, Пончик. Мизансцена: Танец прерывается силовой репликой Желе. (часть 1/2). Действие: General жёстко прерывает танец, Cookie и Donut останавливаются на полушаге, Eclair замолкает.. Камера: Передний план — застывшие ноги танцующих, средний — General и Eclair, задний — Crowd в стоп-реакции; средний кадр с резким стоп-паном.. Реплика: General: Искусство в поле. И в бою.. Стиль: стилизованная 3D-анимация для детей, единая идентичность персонажей, кинематографичная композиция 16:9, без текста/логотипов/водяных знаков. Негативный промпт: фотореализм людей, лишние конечности, деформация анатомии, артефакты jpeg, watermark, logo, text overlay.";"Shot S33A. Location: Throne room. Characters: Eclair, General Jelly, Cookie, Donut. Scene: The dance is interrupted by Jelly's power line. (part 1/2). Action: General abruptly interrupts the dance, Cookie and Donut stop mid-step, Eclair falls silent.. Camera: The foreground is the frozen legs of the dancers, the middle is General and Eclair, the background is Crowd in a stop reaction; medium shot with a sharp stop pan.. Dialogue: General: Art in the field. And in battle.. Style: stylized child-safe 3D animation, consistent character identity, cinematic 16:9 composition, no text/logo/watermark. Negative prompt: photoreal human look, extra limbs, deformed anatomy, jpeg artifacts, watermark, logo, text overlay."
S33B;"Шот S33B. Локация: Тронный зал. Персонажи: Эклер, Желе, Печенье, Пончик. Мизансцена: Танец прерывается силовой репликой Желе. (часть 2/2). Действие: General жёстко прерывает танец, Cookie и Donut останавливаются на полушаге, Eclair замолкает.. Камера: Передний план — застывшие ноги танцующих, средний — General и Eclair, задний — Crowd в стоп-реакции; средний кадр с резким стоп-паном.. Реплика: Балы я лично не люблю.. Стиль: стилизованная 3D-анимация для детей, единая идентичность персонажей, кинематографичная композиция 16:9, без текста/логотипов/водяных знаков. Негативный промпт: фотореализм людей, лишние конечности, деформация анатомии, артефакты jpeg, watermark, logo, text overlay.";"Shot S33B. Location: Throne room. Characters: Eclair, General Jelly, Cookie, Donut. Scene: The dance is interrupted by Jelly's power line. (part 2/2). Action: General abruptly interrupts the dance, Cookie and Donut stop mid-step, Eclair falls silent.. Camera: The foreground is the frozen legs of the dancers, the middle is General and Eclair, the background is Crowd in a stop reaction; medium shot with a sharp stop pan.. Dialogue: I personally don’t like balls.. Style: stylized child-safe 3D animation, consistent character identity, cinematic 16:9 composition, no text/logo/watermark. Negative prompt: photoreal human look, extra limbs, deformed anatomy, jpeg artifacts, watermark, logo, text overlay."
S34A;"Шот S34A. Локация: Тронный зал. Персонажи: Наполеон, Стая / Массовка. Мизансцена: Наполеон официально закрывает балы. (часть 1/2). Действие: Napoleon официально объявляет закрытие балов, Crowd замирает и переглядывается.. Камера: Передний план — Napoleon в доминирующем ракурсе, средний — придворная Crowd, задний — тронная ось; крупный приказной кадр.. Реплика: Napoleon: Ввиду особые обстановки. И для сохранности моей. Так же армии обновки.. Стиль: стилизованная 3D-анимация для детей, единая идентичность персонажей, кинематографичная композиция 16:9, без текста/логотипов/водяных знаков. Негативный промпт: фотореализм людей, лишние конечности, деформация анатомии, артефакты jpeg, watermark, logo, text overlay.";"Shot S34A. Location: Throne room. Characters: Napoleon, Crowd. Scene: Napoleon officially closes the balls. (part 1/2). Action: Napoleon officially announces the closing of the balls, Crowd freezes and looks at each other.. Camera: Foreground - Napoleon in a dominant perspective, middle - court Crowd, background - throne axis; large order frame.. Dialogue: Napoleon: Due to the special circumstances. And for my safety. Also the armies have new clothes.. Style: stylized child-safe 3D animation, consistent character identity, cinematic 16:9 composition, no text/logo/watermark. Negative prompt: photoreal human look, extra limbs, deformed anatomy, jpeg artifacts, watermark, logo, text overlay."
S34B;"Шот S34B. Локация: Тронный зал. Персонажи: Наполеон, Стая / Массовка. Мизансцена: Наполеон официально закрывает балы. (часть 2/2). Действие: Napoleon официально объявляет закрытие балов, Crowd замирает и переглядывается.. Камера: Передний план — Napoleon в доминирующем ракурсе, средний — придворная Crowd, задний — тронная ось; крупный приказной кадр.. Реплика: Балы закрыть все. Поскорей.. Стиль: стилизованная 3D-анимация для детей, единая идентичность персонажей, кинематографичная композиция 16:9, без текста/логотипов/водяных знаков. Негативный промпт: фотореализм людей, лишние конечности, деформация анатомии, артефакты jpeg, watermark, logo, text overlay.";"Shot S34B. Location: Throne room. Characters: Napoleon, Crowd. Scene: Napoleon officially closes the balls. (part 2/2). Action: Napoleon officially announces the closing of the balls, Crowd freezes and looks at each other.. Camera: Foreground - Napoleon in a dominant perspective, middle - court Crowd, background - throne axis; large order frame.. Dialogue: Balls close everything. Hurry up.. Style: stylized child-safe 3D animation, consistent character identity, cinematic 16:9 composition, no text/logo/watermark. Negative prompt: photoreal human look, extra limbs, deformed anatomy, jpeg artifacts, watermark, logo, text overlay."
S35;"Шот S35. Локация: Тронный зал. Персонажи: Пончик, Печенье, Ватрушки. Мизансцена: Crowd в шоке от решения.. Действие: Donut, Cookie и Vatrushki обмениваются тревожными взглядами, шепчутся и отходят в сторону.. Камера: Передний план — лица Donut и Cookie, средний — Vatrushki, задний — глубина зала и трон; средний реакционный кадр.. Реплика: Eclair: А знаешь, царь.. Стиль: стилизованная 3D-анимация для детей, единая идентичность персонажей, кинематографичная композиция 16:9, без текста/логотипов/водяных знаков. Негативный промпт: фотореализм людей, лишние конечности, деформация анатомии, артефакты jpeg, watermark, logo, text overlay.";"Shot S35. Location: Throne room. Characters: Donut, Cookie, Vatrushki. Scene: Crowd is shocked by the decision.. Action: Donut, Cookie and Vatrushki exchange worried glances, whisper and step aside.. Camera: Foreground - the faces of Donut and Cookie, middle - Vatrushki, background - the depth of the hall and the throne; average reaction shot.. Dialogue: Eclair: You know, king.. Style: stylized child-safe 3D animation, consistent character identity, cinematic 16:9 composition, no text/logo/watermark. Negative prompt: photoreal human look, extra limbs, deformed anatomy, jpeg artifacts, watermark, logo, text overlay."
S36;"Шот S36. Локация: Тронный зал. Персонажи: Эклер, Наполеон. Мизансцена: Эклер сообщает о пещерном лазе.. Действие: Eclair наклоняется к Napoleon и сообщает о лазе, Napoleon быстро переводит внимание на него.. Камера: Передний план — профиль Eclair, средний — Eclair и Napoleon, задний — колонны тронного зала; средний заговорщический кадр.. Реплика: Eclair: Намед не слышал, что есть в горе пещерный лаз.. Стиль: стилизованная 3D-анимация для детей, единая идентичность персонажей, кинематографичная композиция 16:9, без текста/логотипов/водяных знаков. Негативный промпт: фотореализм людей, лишние конечности, деформация анатомии, артефакты jpeg, watermark, logo, text overlay.";"Shot S36. Location: Throne room. Characters: Eclair, Napoleon. Scene: Eclair reports a cave opening.. Action: Eclair leans towards Napoleon and reports about the hole, Napoleon quickly turns his attention to him.. Camera: Foreground - Eclair profile, middle - Eclair and Napoleon, background - columns of the throne room; average conspiratorial shot.. Dialogue: Eclair: Named didn’t hear that there is a cave hole in the mountain.. Style: stylized child-safe 3D animation, consistent character identity, cinematic 16:9 composition, no text/logo/watermark. Negative prompt: photoreal human look, extra limbs, deformed anatomy, jpeg artifacts, watermark, logo, text overlay."
S37;"Шот S37. Локация: Тронный зал. Персонажи: Наполеон, Эклер. Мизансцена: Наполеон требует детали шёпотом.. Действие: Napoleon жестом подзывает Eclair ближе, оба переходят на полушёпот и закрывают позу от остальных.. Камера: Передний план — рука Napoleon в приглашающем жесте, средний — пара Napoleon/Eclair, задний — размытая охрана; крупный приватный кадр.. Реплика: Napoleon: А ну-ка подойди поближе. Поведай мне о том сейчас.. Стиль: стилизованная 3D-анимация для детей, единая идентичность персонажей, кинематографичная композиция 16:9, без текста/логотипов/водяных знаков. Негативный промпт: фотореализм людей, лишние конечности, деформация анатомии, артефакты jpeg, watermark, logo, text overlay.";"Shot S37. Location: Throne room. Characters: Napoleon, Eclair. Scene: Napoleon demands details in a whisper.. Action: Napoleon gestures to Eclair closer, both switch to a half-whisper and hide the pose from the others.. Camera: Foreground - Napoleon's hand in an inviting gesture, middle - Napoleon/Eclair pair, background - blurry guard; close-up private shot.. Dialogue: Napoleon: Come on, come closer. Tell me about it now.. Style: stylized child-safe 3D animation, consistent character identity, cinematic 16:9 composition, no text/logo/watermark. Negative prompt: photoreal human look, extra limbs, deformed anatomy, jpeg artifacts, watermark, logo, text overlay."
S38A;"Шот S38A. Локация: Тронный зал. Персонажи: Эклер, Наполеон, Желе. Мизансцена: Эклер объясняет проход в другой мир. (часть 1/2). Действие: Eclair подробно объясняет маршрут, General вслушивается и кивает, Napoleon обдумывает план.. Камера: Передний план — карта/жест Eclair, средний — Eclair, Napoleon и General, задний — тёмный проход зала; средний информационный кадр.. Реплика: Eclair: Так через этот лаз возможно попасть в тот мир. Неосторожно.. Стиль: стилизованная 3D-анимация для детей, единая идентичность персонажей, кинематографичная композиция 16:9, без текста/логотипов/водяных знаков. Негативный промпт: фотореализм людей, лишние конечности, деформация анатомии, артефакты jpeg, watermark, logo, text overlay.";"Shot S38A. Location: Throne room. Characters: Eclair, Napoleon, General Jelly. Scene: Eclair explains the passage to another world. (part 1/2). Action: Eclair explains the route in detail, General listens and nods, Napoleon considers the plan.. Camera: Foreground - Eclair map/gesture, middle - Eclair, Napoleon and General, back - dark passage of the hall; average information frame.. Dialogue: Eclair: So through this hole it is possible to get into that world. Careless.. Style: stylized child-safe 3D animation, consistent character identity, cinematic 16:9 composition, no text/logo/watermark. Negative prompt: photoreal human look, extra limbs, deformed anatomy, jpeg artifacts, watermark, logo, text overlay."
S38B;"Шот S38B. Локация: Тронный зал. Персонажи: Эклер, Наполеон, Желе. Мизансцена: Эклер объясняет проход в другой мир. (часть 2/2). Действие: Eclair подробно объясняет маршрут, General вслушивается и кивает, Napoleon обдумывает план.. Камера: Передний план — карта/жест Eclair, средний — Eclair, Napoleon и General, задний — тёмный проход зала; средний информационный кадр.. Реплика: Ну в тот, про что он говорил.. Стиль: стилизованная 3D-анимация для детей, единая идентичность персонажей, кинематографичная композиция 16:9, без текста/логотипов/водяных знаков. Негативный промпт: фотореализм людей, лишние конечности, деформация анатомии, артефакты jpeg, watermark, logo, text overlay.";"Shot S38B. Location: Throne room. Characters: Eclair, Napoleon, General Jelly. Scene: Eclair explains the passage to another world. (part 2/2). Action: Eclair explains the route in detail, General listens and nods, Napoleon considers the plan.. Camera: Foreground - Eclair map/gesture, middle - Eclair, Napoleon and General, back - dark passage of the hall; average information frame.. Dialogue: Well, the one he was talking about.. Style: stylized child-safe 3D animation, consistent character identity, cinematic 16:9 composition, no text/logo/watermark. Negative prompt: photoreal human look, extra limbs, deformed anatomy, jpeg artifacts, watermark, logo, text overlay."
S39A;"Шот S39A. Локация: Тронный зал. Персонажи: Наполеон, Желе, Эклер. Мизансцена: Наполеон утверждает план контроля и наблюдения. (часть 1/2). Действие: Napoleon окончательно утверждает план, General принимает приказ стойкой «к исполнению», Eclair подтверждает.. Камера: Передний план — Napoleon в резком свете, средний — General и Eclair, задний — трон и баннеры; крупный финализирующий кадр.. Реплика: Napoleon: Все, понял. Ты нас убедил. Поставим мы туда охрану.. Стиль: стилизованная 3D-анимация для детей, единая идентичность персонажей, кинематографичная композиция 16:9, без текста/логотипов/водяных знаков. Негативный промпт: фотореализм людей, лишние конечности, деформация анатомии, артефакты jpeg, watermark, logo, text overlay.";"Shot S39A. Location: Throne room. Characters: Napoleon, General Jelly, Eclair. Scene: Napoleon approves the control and surveillance plan. (part 1/2). Action: Napoleon finally approves the plan, General accepts the order “for execution”, Eclair confirms.. Camera: Foreground - Napoleon in harsh light, middle - General and Eclair, background - throne and banners; close-up final shot.. Dialogue: Napoleon: That's it, I understand. You convinced us. We'll put guards there.. Style: stylized child-safe 3D animation, consistent character identity, cinematic 16:9 composition, no text/logo/watermark. Negative prompt: photoreal human look, extra limbs, deformed anatomy, jpeg artifacts, watermark, logo, text overlay."
S39B;"Шот S39B. Локация: Тронный зал. Персонажи: Наполеон, Желе, Эклер. Мизансцена: Наполеон утверждает план контроля и наблюдения. (часть 2/2). Действие: Napoleon окончательно утверждает план, General принимает приказ стойкой «к исполнению», Eclair подтверждает.. Камера: Передний план — Napoleon в резком свете, средний — General и Eclair, задний — трон и баннеры; крупный финализирующий кадр.. Реплика: И держимся такого плана. Заптичим молоком следить, но только торту не вредить.. Стиль: стилизованная 3D-анимация для детей, единая идентичность персонажей, кинематографичная композиция 16:9, без текста/логотипов/водяных знаков. Негативный промпт: фотореализм людей, лишние конечности, деформация анатомии, артефакты jpeg, watermark, logo, text overlay.";"Shot S39B. Location: Throne room. Characters: Napoleon, General Jelly, Eclair. Scene: Napoleon approves the control and surveillance plan. (part 2/2). Action: Napoleon finally approves the plan, General accepts the order “for execution”, Eclair confirms.. Camera: Foreground - Napoleon in harsh light, middle - General and Eclair, background - throne and banners; close-up final shot.. Dialogue: And we stick to this plan. Let's keep an eye on the milk, but don't harm the cake.. Style: stylized child-safe 3D animation, consistent character identity, cinematic 16:9 composition, no text/logo/watermark. Negative prompt: photoreal human look, extra limbs, deformed anatomy, jpeg artifacts, watermark, logo, text overlay."
S40;"Шот S40. Локация: Тронный зал → титры. Персонажи: Стая / Массовка. Мизансцена: Финальный аккорд пилота.. Действие: Crowd остаётся в напряжённой тишине; в зале чувствуется подготовка к скрытым действиям после приказа.. Камера: Передний план — силуэты Crowd, средний — пустеющий центр зала, задний — трон в полумраке; общий план с мягким затемнением.. Реплика: Napoleon: А если что-нибудь случится, то генерал там отличится.. Стиль: стилизованная 3D-анимация для детей, единая идентичность персонажей, кинематографичная композиция 16:9, без текста/логотипов/водяных знаков. Негативный промпт: фотореализм людей, лишние конечности, деформация анатомии, артефакты jpeg, watermark, logo, text overlay.";"Shot S40. Location: Throne Room → credits. Characters: Crowd. Scene: The final chord of the pilot.. Action: Crowd remains in tense silence; in the hall one can feel preparation for hidden actions after the order.. Camera: The foreground is the silhouettes of Crowd, the middle is the emptying center of the hall, the background is the throne in the twilight; general plan with soft shading.. Dialogue: Napoleon: And if something happens, the general will distinguish himself there.. Style: stylized child-safe 3D animation, consistent character identity, cinematic 16:9 composition, no text/logo/watermark. Negative prompt: photoreal human look, extra limbs, deformed anatomy, jpeg artifacts, watermark, logo, text overlay."
